{
  "A": 0.6926024491262075,
  "B": -0.12548612208052143,
  "W": 6.386242795107349,
  "mutation_scale": 0.036559459386450006,
  "k": 8,
  "ck": 4,
  "rewrites_enabled": 1,
  "best_confirmed": 8.291778628494093,
  "best_raw": 8.399289145751185,
  "rewrite_count": 0,
  "phase": 7,
  "trend_hist": [
    8.078385030856527,
    7.224238540718034,
    8.039744379157465,
    7.283972829335935,
    7.997613264229168,
    8.036556795185117,
    7.926280023000695,
    7.990169767624451,
    8.07694747748959,
    8.079209134529073,
    7.89561636699905,
    7.88628573505299,
    7.171023778893931,
    7.793007484329911,
    8.07390256307459,
    7.347980894071697,
    7.203300274280478,
    8.069710929001747,
    7.947838837695873,
    7.0841409754341145,
    7.347898650364708,
    7.087653868742462,
    8.008541034923246,
    8.079827554181358,
    8.0464609212777,
    8.078981169186452,
    8.076259848720616,
    8.067328709354271,
    7.960455985686442,
    8.062180442015926,
    8.01470173566015,
    8.00011669048039,
    7.9979054555382225,
    8.041927127410101,
    8.017962641235926,
    7.121731423115616,
    7.767362756852385,
    8.042923451908733,
    7.953533179063222,
    7.3265900250316625,
    7.997560741824371,
    8.029732920364353,
    7.575339639286449,
    7.763871137680277,
    7.416200753676894,
    7.846966091860907,
    7.424352639789394,
    8.053165977241148,
    7.8382575610292955,
    7.429053091692624,
    8.076951841027116,
    7.972766354400035,
    7.4148336985217576,
    8.017466280954757,
    8.079359859587838,
    8.057962194114433,
    8.077532839988702,
    7.763899293804145,
    8.009026038974694,
    7.865785313599044,
    8.04808234823792,
    7.84272796894881,
    7.386116251387596,
    8.122276574248353,
    8.062724813946392,
    7.9070845610381415,
    7.611215495797851,
    7.632927915221289,
    8.037542685164624,
    8.128993683130366,
    8.113045850491146,
    7.950358193066016,
    7.675388410393659,
    7.534327437215022,
    7.45661111459737,
    7.4561689962444655,
    7.759448349849155,
    7.23331015748831,
    7.853875696514351,
    7.914533328187298,
    7.566791203979065,
    7.326271041126432,
    7.694492455106813,
    7.710362770941193,
    7.923933484276423,
    7.216640520605713,
    8.062821658625138,
    7.604658780855205,
    7.483774376105037,
    8.120030379505152,
    7.593346427448234,
    8.0938028724475,
    7.496675083584585,
    7.549562255733726,
    7.831739036979654,
    7.698978968949434,
    7.6779331568128075,
    7.99919455332555,
    8.105515614994944,
    8.044186585241366,
    8.036914435016246,
    7.974430226666012,
    8.002539632062692,
    8.094327255228768,
    7.857600146246913,
    8.1545469109383,
    8.149319285623717,
    7.25413319268267,
    7.202811099461533,
    7.282745614571349,
    8.159715846172473,
    8.150400959590955,
    8.048132743669154,
    8.140104588769908,
    8.101327070679659,
    8.111426702018997,
    8.158619056373633,
    8.162921764126809,
    8.164102356289625,
    7.9336454516483395,
    8.14850329104944,
    8.163683371995937,
    7.2058483787400665,
    8.110865971111256,
    7.226029511274348,
    8.061895339171803,
    8.07095680336667,
    7.817463359029831,
    8.128085925638366,
    7.3201778755836235,
    8.027945926485188,
    8.04981242295455,
    7.300594990364795,
    7.824541321908512,
    8.158216795912272,
    7.907370151365425,
    8.108996177966581,
    8.010884359192705,
    8.200504875974639,
    8.092115696324328,
    7.916249628646302,
    8.186512835181565,
    8.090663791314858,
    7.60639168575399,
    7.76813570012375,
    8.019588017803915,
    7.870460814692518,
    8.174592981721489,
    8.07039439031822,
    8.166540550178295,
    7.665352846002501,
    7.370327172274317,
    7.859492360272229,
    8.071251750552566,
    8.112239772855723,
    7.747182098946886,
    7.953390863670542,
    7.2097804494065505,
    8.185052743684663,
    8.121517105313014,
    7.213395033099536,
    7.968398519288666,
    7.818166179088398,
    7.888122034264672,
    8.17607283292347,
    8.186140266508373,
    7.4657599628753015,
    8.18292914501846,
    8.190150199653218,
    7.541707774719114,
    7.96012727937624,
    8.075395142001561,
    7.283961405872141,
    7.3635355504644355,
    8.103584855172024,
    7.736381757900562,
    7.668138658017945,
    7.706394762245733,
    7.644811103666672,
    7.720638427448527,
    7.678272393309877,
    8.190898497960681,
    7.706218922723788,
    7.736329272167708,
    8.11222532945894,
    8.137967360716155,
    8.051340764981424,
    8.054074009407584,
    7.954550111231655,
    7.527163325237338,
    7.961826233461798,
    8.184348630190929,
    7.373765397101009,
    8.096131659631045,
    7.537163575637459,
    7.5904358552878985,
    7.739538922713029,
    7.5524437357057215,
    8.155593842573142,
    7.72866695656608,
    7.357467131433435,
    8.183938488104848,
    8.062841095066684,
    7.460482959895337,
    8.084412722050194,
    7.698547890471193,
    8.038537445026574,
    8.038498660456314,
    7.326866374405159,
    7.846603698570975,
    8.188727083657728,
    7.211120186995969,
    8.138622706878142,
    7.357687260186564,
    7.475774913242423,
    7.698158521449617,
    7.277775879576196,
    7.77715484905163,
    8.189070529855394,
    7.361510908161481,
    8.130136599668367,
    7.602544948053644,
    7.974573276846854,
    7.40721142611022,
    7.783945967324643,
    8.045618009875378,
    8.089656660105868,
    8.111621389723425,
    8.090005082823051,
    7.953760397572223,
    8.196495704265132,
    8.202321541017076,
    7.966794421800708,
    8.181992711848466,
    8.081285660682294,
    8.198655424096943,
    8.1541863713922,
    8.10538315494044,
    7.576113888127567,
    7.311985848657179,
    7.626458830926895,
    8.209477669583148,
    7.245857731331654,
    7.739683211308886,
    8.1863525030634,
    8.115134437027995,
    8.004327728073541,
    7.976965860444353,
    8.190677770409838,
    7.9898431274323265,
    8.198935067945378,
    8.151511485547763,
    8.192444557926521,
    8.179431940264838,
    8.192257963304172,
    7.75388543955967,
    8.131189262312404,
    8.049861700626774,
    7.451889452715818,
    7.265157383868667,
    8.095406212063706,
    7.381787874804845,
    8.060636021055492,
    8.118736985523757,
    8.091253059633486,
    7.6868109805188976,
    7.969964769796984,
    8.075827048522868,
    8.006062952965065,
    8.19091260335058,
    7.744319266875372,
    8.030723695151412,
    8.06192147490975,
    8.186043736341148,
    8.037841485008467,
    7.873355027828347,
    8.19747690450722,
    8.16295854043836,
    7.948429573484468,
    7.617657896063389,
    7.979543455924319,
    8.209424427669173,
    8.179550154688146,
    7.6262475313976195,
    7.628499519485771,
    8.087879350642575,
    7.63290744963839,
    8.208920772695478,
    8.120431315120127,
    8.053060523302278,
    7.994621641583612,
    8.051867064800497,
    8.070933528160996,
    8.205905773649938,
    8.154053129183676,
    8.078208200269756,
    8.055013715222149,
    7.666736236243123,
    8.108042063183195,
    8.202045132522178,
    8.171050207493664,
    8.101962948167179,
    7.818849859698315,
    8.08114463013674,
    7.551551525282072,
    7.9495887531060765,
    7.655654195499714,
    8.162550074342706,
    8.061852345534785,
    7.509015093465607,
    7.914170134918322,
    7.9411731736147555,
    8.05230804183794,
    7.720068126248206,
    8.116035545176445,
    8.125573574891956,
    7.992744996018619,
    8.062228455328704,
    8.205522886287097,
    7.906617427106285,
    7.966460728099133,
    7.654000105312642,
    7.853858026573342,
    7.862051545839234,
    8.19254744879651,
    7.965425520255149,
    8.196657437942285,
    8.152176049970086,
    8.039372865069236,
    8.099117742170664,
    7.614298806909465,
    7.901671415305093,
    7.897218695796278,
    8.199621670132082,
    7.985467948094547,
