{"score": 0.890251, "time": 1771309716.9083295}