{
  "organism_id": 0,
  "steps": 200,
  "score": 204.45777035315825,
  "ts": 1771352241.0466025
}