{
  "organism_id": 0,
  "steps": 200,
  "score": 202.04042502787627,
  "ts": 1771363716.297717
}