{
  "organism_id": 0,
  "steps": 200,
  "score": 195.68718431331294,
  "ts": 1771364240.5847328
}