{
  "organism_id": 0,
  "steps": 200,
  "score": 203.96776500234574,
  "ts": 1771364378.1481063
}