{
  "stamp": "20260216_082101_660",
  "params": {
    "lambda_c": 0.7,
    "alpha": 0.2,
    "rho": 0.1,
    "Umax": 0.02,
    "steps": 200,
    "x0": 0.5,
    "gamma": 0.1
  },
  "kappa": 0.8999999999999999,
  "R_max_est": 0.004766746880699383,
  "bound_radius_est": 0.2476674688069936,
  "final_x": 0.023822612920571338,
  "Sigma": 0.023833734403496912,
  "drift_D": 0.47617738707942864,
  "drift_DSigma": 0.4761662655965031,
  "coherence_C": 0.5238337344034969,
  "stability_S": 0.04765634732406826,
  "history_tail": [
    0.023830011128825285,
    0.023829016226515655,
    0.023828069638511626,
    0.023827169018580705,
    0.023826312134427815,
    0.02382549686216227,
    0.02382472118103347,
    0.02382398316842221,
    0.023823280995075267,
    0.023822612920571338
  ]
}