{
  "stamp": "20260216_083755_674",
  "params": {
    "lambda_c": 0.7,
    "alpha": 0.25,
    "rho": 0.05,
    "Umax": 0.02,
    "steps": 200,
    "x0": 0.5,
    "gamma": 0.1
  },
  "kappa": 0.95,
  "R_max_est": 0.0024454427066709487,
  "bound_radius_est": 0.44890885413341863,
  "final_x": 0.012212865931371811,
  "Sigma": 0.012227213533354743,
  "drift_D": 0.48778713406862817,
  "drift_DSigma": 0.48777278646664524,
  "coherence_C": 0.5122272135333548,
  "stability_S": 0.024440079464726594,
  "history_tail": [
    0.012222572311700031,
    0.012221273223879395,
    0.012220035615366727,
    0.012218856576654866,
    0.012217733335929038,
    0.012216663252550546,
    0.012215643810848872,
    0.012214672614207566,
    0.012213747379430009,
    0.012212865931371811
  ]
}