{
  "stamp": "20260216_081746",
  "params": {
    "lambda_c": 0.6,
    "alpha": 0.2,
    "rho": 0.1,
    "Umax": 0.05,
    "steps": 100,
    "x0": 0.5
  },
  "final_x": 0.025709964923176353,
  "Sigma": 0.02732472113693374,
  "drift_D": 0.47429003507682366,
  "drift_DSigma": 0.47267527886306626,
  "coherence_C": 0.5273247211369337,
  "stability_S": 0.05303468606011008,
  "steps": 100,
  "history_tail": [
    0.026784129477372326,
    0.026639677096577975,
    0.02650223959192089,
    0.02637147630797573,
    0.026247063132177853,
    0.026128691691471265,
    0.02601606858796881,
    0.02590891467173014,
    0.025806964348854922,
    0.025709964923176353
  ]
}