{
  "A": 0.5698863097405136,
  "B": -0.00682459379851684,
  "W": 4.217366031622124,
  "mutation_scale": 0.036559459386450006,
  "k": 8,
  "ck": 4,
  "rewrites_enabled": 1,
  "best_confirmed": 6.172513297178554,
  "best_raw": 6.244178648515974,
  "rewrite_count": 0,
  "phase": 7,
  "trend_hist": [
    6.0277342698981915,
    5.578596816506762,
    5.927254585377484,
    5.44158299543659,
    5.22639822284159,
    5.841703791179798,
    5.760196989374814,
    6.015465636855692,
    6.022636710734134,
    5.892189317207677,
    5.864915252469483,
    6.015916648218587,
    6.000241396342869,
    5.223223904032764,
    5.64075867664466,
    6.033182625978464,
    5.512181039980043,
    5.083748989509173,
    6.037055840336932,
    5.118577754950563,
    6.031418865414208,
    5.826661411213465,
    5.957342133360896,
    6.0826561903640375,
    6.073691353579745,
    5.541842910081468,
    5.9964722840039055,
    5.782213242368073,
    5.259695896972627,
    6.054370550515019,
    5.448934919928406,
    5.868467348595359,
    6.030209080971046,
    5.105259174155818,
    5.369190977723284,
    5.555518945134534,
    5.1108518319000416,
    5.699866263922221,
    6.059747424998727,
    5.495312405142991,
    5.898531647359191,
    5.968782046482367,
    6.042643000786722,
    5.835134016030048,
    6.084133290992149,
    5.41416415904169,
    6.079752098766319,
    5.35484792069794,
    5.520118830546529,
    5.764555106846171,
    6.03054633321907,
    5.791414317263328,
    6.0380830371991845,
    6.077423046438824,
    5.994823445171971,
    5.322511598572522,
    6.084143782221679,
    5.735056438862507,
    5.461196523585592,
    5.8942007805626595,
    5.781273083327266,
    5.984085935338783,
    6.050611286099699,
    5.9115112343632354,
    6.08463966247204,
    5.520267646255862,
    5.353385396264236,
    5.6109476205690845,
    5.374021781200018,
    5.892791907350883,
    5.344647480853987,
    6.069663551424348,
    5.8074505418137266,
    6.091783684758445,
    6.107461619349824,
    5.898568811568053,
    6.030098171366973,
    5.56052475666497,
    5.4013374296297485,
    6.1012028398198765,
    6.048623408872142,
    5.282016314941133,
    5.139734297814323,
    5.553360571457771,
    5.575304006011604,
    5.260928882351863,
    5.949321050372451,
    6.084992491432113,
    6.0761969199170185,
    5.162428116914425,
    5.6601083305176365,
    5.429138379688896,
    5.998988756529392,
    6.082992396952685,
    6.086783433341483,
    6.045094286780548,
    6.040044492236349,
    5.698459559017507,
    6.114430836496959,
    5.849277832140341,
    5.9382132996007115,
    5.172974201950866,
    6.014244685146268,
    5.3970200287294485,
    6.0749716424075615,
    5.9106770542096605,
    6.1105753170113495,
    5.413682242144373,
    5.521865747823238,
    6.048928430118601,
    5.774295852993864,
    6.098653031301969,
    6.008622318584397,
    5.221319262131818,
    5.6781261961116485,
    6.043687417796635,
    6.1201000086072295,
    5.706205563932267,
    5.924439036112991,
    6.1263359939523925,
    6.113247634532979,
    5.231616690406028,
    6.101093505879069,
    6.098987279186224,
    6.100534592327991,
    5.871128091032155,
    6.085170845303701,
    5.713749899256264,
    5.6499420852933175,
    6.123516317480913,
    6.080283929513625,
    5.821432575882036,
    5.325565791869869,
    5.359205329763353,
    5.773878675165115,
    5.69496490787295,
    6.044458659645906,
    5.20956513586174,
    6.001426461974974,
    6.10388224477602,
    5.81691358013764,
    5.844704622540562,
    6.081954704624902,
    6.040642158609939,
    6.090794778311118,
    6.014775326426536,
    6.072727548200962,
    5.6350602622684285,
    5.922433440917829,
    5.588574587199571,
    6.100513912238798,
    5.552744521507936,
    5.7353736217788684,
    5.757106316693897,
    5.269262683419192,
    6.121514778600887,
    6.05865090601974,
    6.096968669474786,
    6.118685028310222,
    5.633528575706254,
    6.087444402211611,
    5.784970450884842,
    6.106662704342673,
    6.12244777648152,
    6.111567253393712,
    6.108153757416423,
    5.479241315437138,
    6.086517604059838,
    6.124523187072999,
    6.122922548372614,
    6.011466095647274,
    6.115405124477845,
    6.037879653732086,
    5.344519286500722,
    5.43809886989844,
    6.091643157060442,
    5.208373501905156,
    6.092951820113424,
    5.576577555086681,
    5.93597067282734,
    6.001554763802204,
    5.254077051743975,
    6.132157634087772,
    6.063150453261459,
    5.2420468091415025,
    6.1448534055872,
    6.14588267845618,
    5.4233034237763995,
    6.132871514667168,
    5.818564429019883,
    6.1310192997659385,
    6.156801531362987,
    6.128015733741171,
    6.006919364030143,
    5.649347257037945,
    5.2706890148718974,
    5.364369863760782,
    5.217188891946517,
    6.16671321107734,
    5.349665501298116,
    5.274058960465304,
    6.103295751905734,
    5.99229745571262,
    6.139415814262701,
    5.99336757825699,
    5.91308259052261,
    6.063033221145588,
    5.251110463959831,
    6.143280124338431,
    6.117013057901669,
    5.400228990490264,
    5.758206747930174,
    6.164861547872036,
    6.1593259105993585,
    6.1535329722982866,
    6.141993535168447,
    5.806149394443364,
    6.170854368503667,
    5.909726379523037,
    6.161496741105596,
    5.807625061646549,
    5.868501770413847,
    5.8651680582246595,
    5.615478249894188,
    6.123415897797384,
    6.149947547236451,
    6.140740011095364,
    5.817926636639323,
    6.151714164983261,
    6.060815143009078,
    6.163371136456489,
    6.088703000332059,
    5.857760859459364,
    5.91733462346902,
    5.662256462800563,
    5.619800669719935,
    5.818210507235865,
    5.593408470216383,
    5.432109937760022,
    5.530606070147275,
    5.437829649186492,
    5.286423755317033,
    5.2602018414902405,
    6.168097709844599,
    5.2380297036842975,
    6.149256661223588,
    6.115203415628224,
    6.162292403701057,
    5.236707990395971,
    5.174976709228203,
    6.091008971304351,
    6.097826712141398,
    6.135507874276067,
    6.151198913103142,
    5.5920494631138835,
    6.1704780124946375,
    5.194537767501992,
    6.152258328184624,
    5.3238984720353875,
    5.979231839115615,
    5.633728931150451,
    6.0028010138596155,
    5.4796388746383915,
    6.099162442420071,
    6.161568971968275,
    5.494385319089838,
    5.34404135017482,
    5.19334569437142,
    5.91072793115854,
    6.159151327066096,
    6.081187878672388,
    6.062725796751839,
    6.099718224289904,
    5.737213132543019,
    6.1709768098491296,
    6.093425547684977,
    6.11864358947858,
    5.321795095700187,
    6.161087878109127,
    5.403629975322009,
    5.933609026713547,
    5.391156312298831,
    5.319158833583762,
    6.160454885460892,
    6.169141060546089,
    6.170461722226726,
    6.079138475056436,
    6.121461648297168,
    6.104601770294066,
    6.145448858671187,
    6.170747108226585,
    5.490757686678376,
    5.237636790513985,
    6.169544723551644,
    6.136325626985289,
    6.0313884580546535,
    5.839507973365532,
    5.940665230794159,
    6.01678986978891,
    6.170976348689697,
    6.142237448754937,
    5.292146251596694,
    5.668241099781432,
    6.1398197783110575,
    5.366651245153456,
    6.159521570537933,
    6.093719133058612,
    6.057205549001988,
    5.48061436869777,
    6.154935047681107,
    6.1643091115861415,
    6.09387604054936,
    5.4483326540561094,
    6.111880396476003,
    6.1400881149869475,
    5.905696454986151,
    5.511953727093484,
    5.499988200003452,
    6.025286314870299,
    5.595112212308513,
    6.170478764251677,
    6.122205787346468,
    5.175624042844829,
    5.679689475300705,
    6.1213285845632335,
    5.74175700597992,
    5.197486063151336,
    6.032427522128598,
    5.827675934827656,
    6.125821966396399,
    6.089473381969564,
    6.168559436416071,
    5.661958077197477,
    6.013630241257459,
