{
  "param_step_delay": 0.013627801278105795,
  "mutation_bias": -0.8642150065748115
}