{
  "organism_id": 2,
  "steps": 200,
  "score": 199.47113666866738,
  "ts": 1771352261.5091136
}