{
  "param_step_delay": 0.06872261029962656,
  "mutation_bias": 0.21324642684518413
}