{
  "param_step_delay": 0.0683572693438862,
  "mutation_bias": 0.48387741908043624
}