{
  "param_step_delay": 0.015302404987533377,
  "mutation_bias": 0.203573697774307
}