{
  "param_step_delay": 0.02091724732361991,
  "mutation_bias": -0.45907223549409215
}