{
  "param_step_delay": 0.029255899438916447,
  "mutation_bias": 0.39036375189064376
}