{
  "param_step_delay": 0.07049749513230572,
  "mutation_bias": -0.7693365585104188
}