{
  "param_step_delay": 0.06752866646972001,
  "mutation_bias": -0.9588142094339991
}