{
  "param_step_delay": 0.010528749191811267,
  "mutation_bias": -0.27332941128015653
}