{
  "organism_id": 3,
  "steps": 200,
  "score": 202.74049345836207,
  "ts": 1771363310.477922
}