{
  "organism_id": 3,
  "steps": 200,
  "score": 199.21709385566527,
  "ts": 1771353227.0780206
}