{
  "organism_id": 3,
  "steps": 200,
  "score": 196.99579855052752,
  "ts": 1771363613.551324
}