{
  "organism_id": 3,
  "steps": 200,
  "score": 196.55511619659842,
  "ts": 1771363685.706042
}