{
  "organism_id": 3,
  "steps": 200,
  "score": 195.61754215744867,
  "ts": 1771363867.3411076
}