{
  "organism_id": 3,
  "steps": 200,
  "score": 196.48084525005467,
  "ts": 1771355399.5622928
}