{
  "organism_id": 3,
  "steps": 200,
  "score": 195.80217063478128,
  "ts": 1771363549.9109185
}