{
  "param_step_delay": 0.03223719557023385,
  "mutation_bias": 0.0031992421489310807
}