{
  "param_step_delay": 0.031135378354061258,
  "mutation_bias": 0.6441054495317566
}