{
  "param_step_delay": 0.06351748423212894,
  "mutation_bias": -0.9333441229805675
}