{
  "param_step_delay": 0.016544961519744897,
  "mutation_bias": 0.3528468411899006
}