{
  "param_step_delay": 0.0108249088927673,
  "mutation_bias": -0.03097046888201005
}