{
  "param_step_delay": 0.027342011564407596,
  "mutation_bias": -0.2512672626257453
}