{
  "param_step_delay": 0.031039508289219295,
  "mutation_bias": -0.5440943633593176
}