{
  "param_step_delay": 0.010157602846300434,
  "mutation_bias": 0.6312634546376898
}