{
  "organism_id": 2,
  "steps": 200,
  "score": 198.1653940153476,
  "ts": 1771363611.4316764
}