{
  "organism_id": 2,
  "steps": 200,
  "score": 195.92789409612655,
  "ts": 1771363865.214895
}