{
  "organism_id": 2,
  "steps": 200,
  "score": 197.49761735470253,
  "ts": 1771363300.3113835
}