{
  "organism_id": 2,
  "steps": 200,
  "score": 201.47328808335365,
  "ts": 1771363547.7755153
}