{
  "organism_id": 2,
  "steps": 200,
  "score": 200.86371092202978,
  "ts": 1771363683.6034596
}