{
  "organism_id": 2,
  "steps": 200,
  "score": 195.30684338316328,
  "ts": 1771355389.4487906
}