{
  "organism_id": 2,
  "steps": 200,
  "score": 204.28857834720628,
  "ts": 1771353257.919281
}