{
  "retention": 1.0,
  "drift": 1.0,
  "drift_raw": 5.066091954022988,
  "drift_topology": 0.8577586206896551,
  "drift_dependency": 4.208333333333333,
  "weights": {
    "topology": 1.0,
    "dependency": 1.0
  },
  "stability": 0.0,
  "timestamp": "2026-02-17T15:17:01.957835+00:00"
}