{
  "retention": 0.0,
  "drift_total": 16.87878787878788,
  "drift_topology": 16.5,
  "drift_dependency": 0.3787878787878788,
  "stability": -16.87878787878788,
  "timestamp": "2026-02-13T17:38:30.453686+00:00",
  "context_hash": "2016c1b630524cc8be536d8f8bee9997034117a5aaa5e24380c2f70f5486db9c",
  "repo_hash": "d272e825e7163aafc77c861a510dd7acfc605ad0",
  "boundary_score": 0.2,
  "boundary_event": false,
  "boundary_reason": "none",
  "replay_K": 10,
  "Bcrit": 0.5
}