{
  "param_step_delay": 0.06990164538730984,
  "mutation_bias": -0.8076439273975549
}