{
  "param_step_delay": 0.0159013662569384,
  "mutation_bias": 0.4773760985827733
}