{
  "param_step_delay": 0.03482618194355146,
  "mutation_bias": -0.3753882065211238
}