{
  "param_step_delay": 0.029974911557788933,
  "mutation_bias": 0.08990909992035334
}