{
  "param_step_delay": 0.03743205422449188,
  "mutation_bias": 0.8470686761390775
}