{
  "param_step_delay": 0.07632548315966675,
  "mutation_bias": 0.4470803541625119
}