{
  "param_step_delay": 0.07675622516064895,
  "mutation_bias": -0.723262299168753
}