{
  "organism_id": 1,
  "steps": 200,
  "score": 195.89522558926097,
  "ts": 1771363554.6899078
}