{
  "organism_id": 1,
  "steps": 200,
  "score": 195.68580924927622,
  "ts": 1771363862.9634583
}