{
  "organism_id": 1,
  "steps": 200,
  "score": 200.94789967831088,
  "ts": 1771353247.8055046
}