{
  "organism_id": 1,
  "steps": 200,
  "score": 195.6154190320159,
  "ts": 1771363609.3039591
}