{
  "organism_id": 1,
  "steps": 200,
  "score": 196.76644485179077,
  "ts": 1771363290.1656017
}