{
  "organism_id": 1,
  "steps": 200,
  "score": 196.93706175918032,
  "ts": 1771355379.3389227
}