{
  "organism_id": 1,
  "steps": 200,
  "score": 203.74382152273265,
  "ts": 1771363690.4413261
}