{
  "organism_id": 2,
  "steps": 200,
  "score": 199.27398619824677,
  "ts": 1771364378.140574
}