{
  "organism_id": 2,
  "steps": 200,
  "score": 199.45757734947813,
  "ts": 1771364240.5830705
}