{
  "organism_id": 2,
  "steps": 200,
  "score": 200.30508298623892,
  "ts": 1771363716.294181
}