{
  "final_x": 0.025709964923176353,
  "drift": 0.47429003507682366,
  "coherence": 0.5273247211369337,
  "stability": 0.05303468606011008,
  "steps": 100
}