{
  "organism_id": 3,
  "steps": 200,
  "score": 198.83303535528117,
  "ts": 1771352230.3670347
}