{
  "organism_id": 3,
  "steps": 200,
  "score": 202.14889837430388,
  "ts": 1771364240.58625
}