{
  "organism_id": 3,
  "steps": 200,
  "score": 204.9917685799838,
  "ts": 1771363716.2989125
}