{
  "organism_id": 3,
  "steps": 200,
  "score": 201.54318033664416,
  "ts": 1771364378.1582787
}