{
  "organism_id": 1,
  "steps": 200,
  "score": 197.9424406835024,
  "ts": 1771363716.297717
}