{
  "organism_id": 1,
  "steps": 200,
  "score": 196.33216576209074,
  "ts": 1771364240.58625
}