{
  "organism_id": 1,
  "steps": 200,
  "score": 195.5854923242408,
  "ts": 1771364378.1507332
}