{
  "param_step_delay": 0.04599971353947863,
  "mutation_bias": -0.11543831328945942
}