{
  "organism_id": 1,
  "steps": 200,
  "score": 202.38825197737373,
  "ts": 1771352251.2890043
}