{
  "retention": 1.0,
  "drift_total": 5.083333333333333,
  "stability": -1.583333333333333,
  "timestamp": "2026-02-17T03:04:39.306843+00:00"
}