{
  "K": 10,
  "count": 7,
  "mean_stability": -4.906926406926408,
  "last_stability": -16.87878787878788,
  "delta": 0.0,
  "slope": -2.9491341991341993,
  "min": -16.87878787878788,
  "max": 1.0,
  "path": "artifacts/replay_k.json"
}