{
  "K": 10,
  "count": 5,
  "mean_stability": -0.11818181818181821,
  "last_stability": 1.0,
  "delta": 2.1818181818181817,
  "slope": 0.12272727272727275,
  "min": -1.1818181818181817,
  "max": 1.0,
  "path": "artifacts/replay_k.json"
}