{
  "param_step_delay": 0.05188961676286625,
  "mutation_bias": -0.4679245397385208
}