{
  "param_step_delay": 0.03063858030156931,
  "mutation_bias": 0.6168746746477956
}