{
  "param_step_delay": 0.07208240077123793,
  "mutation_bias": 0.5536827242439464
}