{
  "param_step_delay": 0.014623274169311511,
  "mutation_bias": -0.5707166332483911
}