{
  "param_step_delay": 0.039222989382508504,
  "mutation_bias": 0.42582146598008963
}