{
  "param_step_delay": 0.03004802190391718,
  "mutation_bias": 0.7214587230751346
}