{
  "param_step_delay": 0.07132872474650685,
  "mutation_bias": -0.8592291032439459
}