{
  "organism_id": 0,
  "steps": 200,
  "score": 201.25406040850888,
  "ts": 1771363688.312281
}