{
  "organism_id": 0,
  "steps": 200,
  "score": 202.3574992884672,
  "ts": 1771363280.0427952
}