{
  "organism_id": 0,
  "steps": 200,
  "score": 199.40374477732738,
  "ts": 1771355369.2273448
}