{
  "organism_id": 0,
  "steps": 200,
  "score": 204.986974199409,
  "ts": 1771353237.69328
}