{
  "organism_id": 0,
  "steps": 200,
  "score": 196.8531247490959,
  "ts": 1771363607.180316
}