{
  "organism_id": 0,
  "steps": 200,
  "score": 202.29880364794107,
  "ts": 1771363552.5583353
}