{
  "organism_id": 0,
  "steps": 200,
  "score": 195.94939335361553,
  "ts": 1771363860.8265145
}